query,question,rows
q01_overall_kpis,how big is the readmission problem in this hospital network?,1
q02_readmit_by_age,which age groups get readmitted the most?,10
q03_prior_admissions_dose_response,does risk climb with the number of inpatient stays in the past year?,6
q04_discharge_destination,"where patients go after discharge vs readmission, and the extra cost vs going home",8
q05_primary_diagnosis_cost,which primary diagnosis groups cost the most in readmissions?,9
q06_hba1c_care_gap,"how often is HbA1c tested, and does it differ by primary diagnosis?",9
q07_hba1c_result_and_action,same 4 groups as the Strack paper - test result and whether meds were changed,4
q08_specialty_ranking,"which admitting specialties have the highest readmission rate (min 1,000 stays)?",9
q09_visit_sequence,are later visits of the same patient riskier? (encounter_id order used as time order),4
q10_frequent_flyers,how much of the readmission load comes from a small group of repeat patients?,3
q11_top_primary_codes_pareto,which exact ICD-9 codes drive readmissions (running total = pareto)?,15
q12_insulin_dosage,does an insulin dose change during the stay signal higher risk?,4
q13_polypharmacy,number of distinct medications given vs readmission,4
q14_length_of_stay,length of stay vs readmission and bed days used,4
q15_admission_source,do ER admissions come back more than referrals or transfers?,5
q16_lace_tier_check,does the standard LACE tiering (via the stored function) separate risk on this data?,3
q17_charlson_comorbidity,comorbidity burden (charlson index) vs readmission,5
q18_equity_check,readmission by race and gender (groups with 500+ stays),10
q19_drug_class_usage,how common is each diabetes drug class and how do its users do?,7
q20_rule_based_cohort,how good is a simple rule (2+ prior stays AND LACE >= 10) at finding readmissions?,2
