targeted,readmissions_reached,readmissions_prevented,gross_savings,program_cost,net_savings,roi_pct,pct_targeted,strategy
100.14,51.08,10.22,155282.46,50068.27,105214.18,210.14,1,Gradient boosting
200.27,86.48,17.3,262903.96,100136.55,162767.41,162.55,2,Gradient boosting
300.41,119.86,23.97,364375.66,150204.82,214170.84,142.59,3,Gradient boosting
400.04,144.14,28.83,438173.27,200020.23,238153.04,119.06,4,Gradient boosting
500.18,170.94,34.19,519658.12,250088.5,269569.62,107.79,5,Gradient boosting
600.31,197.74,39.55,601142.97,300156.78,300986.19,100.28,6,Gradient boosting
700.45,217.97,43.59,662640.98,350225.05,312415.92,89.2,7,Gradient boosting
800.08,237.7,47.54,722601.53,400040.46,322561.07,80.63,8,Gradient boosting
900.22,264.0,52.8,802548.93,450108.73,352440.2,78.3,9,Gradient boosting
1000.35,289.28,57.86,879421.43,500177.01,379244.42,75.82,10,Gradient boosting
1100.49,310.52,62.1,943994.34,550245.28,393749.05,71.56,11,Gradient boosting
1200.12,330.75,66.15,1005492.34,600060.69,405431.65,67.57,12,Gradient boosting
1300.26,349.47,69.89,1062377.99,650128.96,412249.03,63.41,13,Gradient boosting
1400.39,365.14,73.03,1110038.94,700197.24,409841.7,58.53,14,Gradient boosting
1500.03,382.34,76.47,1162312.24,750012.64,412299.6,54.97,15,Gradient boosting
1600.16,398.02,79.6,1209973.2,800080.92,409892.28,51.23,16,Gradient boosting
1700.3,413.19,82.64,1256096.7,850149.19,405947.5,47.75,17,Gradient boosting
1800.43,429.37,85.87,1305295.1,900217.47,405077.63,45.0,18,Gradient boosting
1900.07,445.56,89.11,1354493.5,950032.87,404460.63,42.57,19,Gradient boosting
2000.2,462.75,92.55,1406766.8,1000101.15,406665.66,40.66,20,Gradient boosting
2100.34,479.95,95.99,1459040.11,1050169.42,408870.68,38.93,21,Gradient boosting
2200.48,492.09,98.42,1495938.91,1100237.7,395701.21,35.97,22,Gradient boosting
2300.11,509.28,101.86,1548212.21,1150053.1,398159.11,34.62,23,Gradient boosting
2400.24,524.96,104.99,1595873.16,1200121.38,395751.78,32.98,24,Gradient boosting
2500.38,544.18,108.84,1654296.26,1250189.65,404106.61,32.32,25,Gradient boosting
2600.01,559.85,111.97,1701957.21,1300005.06,401952.16,30.92,26,Gradient boosting
2700.15,575.53,115.11,1749618.17,1350073.33,399544.83,29.59,27,Gradient boosting
2800.28,589.19,117.84,1791129.32,1400141.61,390987.71,27.92,28,Gradient boosting
2900.42,603.85,120.77,1835715.37,1450209.88,385505.49,26.58,29,Gradient boosting
3000.05,617.51,123.5,1877226.52,1500025.29,377201.23,25.15,30,Gradient boosting
3100.19,627.12,125.42,1906438.07,1550093.56,356344.51,22.99,31,Gradient boosting
3200.32,637.23,127.45,1937187.07,1600161.84,337025.24,21.06,32,Gradient boosting
3300.46,653.42,130.68,1986385.48,1650230.11,336155.36,20.37,33,Gradient boosting
3400.09,662.52,132.5,2014059.58,1700045.52,314014.06,18.47,34,Gradient boosting
3500.23,676.68,135.34,2057108.18,1750113.79,306994.39,17.54,35,Gradient boosting
3600.36,685.28,137.06,2083244.83,1800182.07,283062.76,15.72,36,Gradient boosting
3700.5,698.93,139.79,2124755.98,1850250.34,274505.64,14.84,37,Gradient boosting
3800.13,710.06,142.01,2158579.88,1900065.75,258514.14,13.61,38,Gradient boosting
3900.27,719.16,143.83,2186253.98,1950134.02,236119.96,12.11,39,Gradient boosting
4000.4,729.78,145.96,2218540.43,2000202.3,218338.14,10.92,40,Gradient boosting
4100.04,738.89,147.78,2246214.53,2050017.7,196196.83,9.57,41,Gradient boosting
4200.17,747.48,149.5,2272351.19,2100085.98,172265.21,8.2,42,Gradient boosting
4300.31,758.1,151.62,2304637.64,2150154.25,154483.39,7.18,43,Gradient boosting
4400.45,769.23,153.85,2338461.54,2200222.53,138239.01,6.28,44,Gradient boosting
4500.08,777.32,155.46,2363060.74,2250037.93,113022.81,5.02,45,Gradient boosting
4600.21,785.41,157.08,2387659.94,2300106.21,87553.73,3.81,46,Gradient boosting
4700.35,796.03,159.21,2419946.39,2350174.48,69771.91,2.97,47,Gradient boosting
4800.49,807.16,161.43,2453770.29,2400242.76,53527.54,2.23,48,Gradient boosting
4900.12,817.78,163.56,2486056.74,2450058.16,35998.58,1.47,49,Gradient boosting
5000.25,827.9,165.58,2516805.75,2500126.44,16679.31,0.67,50,Gradient boosting
5100.39,838.01,167.6,2547554.75,2550194.71,-2639.96,-0.1,51,Gradient boosting
5200.02,845.6,169.12,2570616.5,2600010.11,-29393.62,-1.13,52,Gradient boosting
5300.16,857.23,171.45,2605977.85,2650078.39,-44100.54,-1.66,53,Gradient boosting
5400.29,863.8,172.76,2625964.7,2700146.66,-74181.97,-2.75,54,Gradient boosting
5500.43,873.41,174.68,2655176.25,2750214.94,-95038.69,-3.46,55,Gradient boosting
5600.06,883.02,176.6,2684387.8,2800030.34,-115642.54,-4.13,56,Gradient boosting
5700.2,889.6,177.92,2704374.65,2850098.62,-145723.97,-5.11,57,Gradient boosting
5800.33,899.21,179.84,2733586.2,2900166.89,-166580.69,-5.74,58,Gradient boosting
5900.47,903.25,180.65,2745885.8,2950235.17,-204349.37,-6.93,59,Gradient boosting
6000.1,913.87,182.77,2778172.26,3000050.57,-221878.32,-7.4,60,Gradient boosting
6100.24,922.47,184.49,2804308.91,3050118.85,-245809.94,-8.06,61,Gradient boosting
6200.37,931.07,186.21,2830445.56,3100187.12,-269741.57,-8.7,62,Gradient boosting
6300.01,935.62,187.12,2844282.61,3150002.53,-305719.92,-9.71,63,Gradient boosting
6400.14,941.18,188.24,2861194.56,3200070.8,-338876.25,-10.59,64,Gradient boosting
6500.28,946.24,189.25,2876569.06,3250139.08,-373570.02,-11.49,65,Gradient boosting
6600.41,955.34,191.07,2904243.16,3300207.35,-395964.19,-12.0,66,Gradient boosting
6700.05,962.93,192.59,2927304.91,3350022.76,-422717.85,-12.62,67,Gradient boosting
6800.18,969.5,193.9,2947291.76,3400091.03,-452799.27,-13.32,68,Gradient boosting
6900.32,977.09,195.42,2970353.51,3450159.31,-479805.8,-13.91,69,Gradient boosting
7000.46,985.69,197.14,2996490.16,3500227.58,-503737.42,-14.39,70,Gradient boosting
7100.09,993.78,198.76,3021089.36,3550042.99,-528953.62,-14.9,71,Gradient boosting
7200.22,1002.38,200.48,3047226.02,3600111.26,-552885.25,-15.36,72,Gradient boosting
7300.36,1010.47,202.09,3071825.22,3650179.54,-578354.32,-15.84,73,Gradient boosting
7400.5,1014.51,202.9,3084124.82,3700247.81,-616123.0,-16.65,74,Gradient boosting
7500.13,1021.6,204.32,3105649.12,3750063.22,-644414.1,-17.18,75,Gradient boosting
7600.26,1029.69,205.94,3130248.32,3800131.49,-669883.17,-17.63,76,Gradient boosting
7700.4,1037.78,207.56,3154847.52,3850199.77,-695352.25,-18.06,77,Gradient boosting
7800.03,1043.85,208.77,3173296.92,3900015.17,-726718.25,-18.63,78,Gradient boosting
7900.17,1049.41,209.88,3190208.87,3950083.45,-759874.58,-19.24,79,Gradient boosting
8000.3,1051.43,210.29,3196358.67,4000151.72,-803793.05,-20.09,80,Gradient boosting
8100.44,1059.02,211.8,3219420.42,4050220.0,-830799.58,-20.51,81,Gradient boosting
8200.07,1065.09,213.02,3237869.82,4100035.4,-862165.58,-21.03,82,Gradient boosting
8300.21,1066.1,213.22,3240944.72,4150103.68,-909158.95,-21.91,83,Gradient boosting
8400.34,1070.65,214.13,3254781.77,4200171.95,-945390.18,-22.51,84,Gradient boosting
8500.48,1074.19,214.84,3265543.92,4250240.23,-984696.3,-23.17,85,Gradient boosting
8600.11,1079.25,215.85,3280918.42,4300055.63,-1019137.21,-23.7,86,Gradient boosting
8700.25,1083.3,216.66,3293218.02,4350123.91,-1056905.88,-24.3,87,Gradient boosting
8800.38,1088.86,217.77,3310129.98,4400192.18,-1090062.21,-24.77,88,Gradient boosting
8900.02,1093.92,218.78,3325504.48,4450007.59,-1124503.11,-25.27,89,Gradient boosting
9000.15,1098.97,219.79,3340878.98,4500075.86,-1159196.88,-25.76,90,Gradient boosting
9100.29,1103.53,220.71,3354716.03,4550144.14,-1195428.11,-26.27,91,Gradient boosting
9200.42,1108.08,221.62,3368553.08,4600212.41,-1231659.33,-26.77,92,Gradient boosting
9300.06,1112.12,222.42,3380852.68,4650027.82,-1269175.14,-27.29,93,Gradient boosting
9400.19,1117.69,223.54,3397764.63,4700096.09,-1302331.46,-27.71,94,Gradient boosting
9500.33,1120.72,224.14,3406989.33,4750164.37,-1343175.04,-28.28,95,Gradient boosting
9600.47,1123.75,224.75,3416214.03,4800232.64,-1384018.61,-28.83,96,Gradient boosting
9700.1,1127.29,225.46,3426976.18,4850048.05,-1423071.87,-29.34,97,Gradient boosting
9800.23,1129.82,225.96,3434663.43,4900116.32,-1465452.89,-29.91,98,Gradient boosting
9900.37,1132.86,226.57,3443888.13,4950184.6,-1506296.46,-30.43,99,Gradient boosting
10000.0,1134.88,226.98,3450037.93,5000000.0,-1549962.07,-31.0,100,Gradient boosting
100.14,24.28,4.86,73797.6,50068.27,23729.33,47.39,1,LACE index
200.27,45.01,9.0,136833.06,100136.55,36696.51,36.65,2,LACE index
300.41,60.18,12.04,182956.56,150204.82,32751.73,21.8,3,LACE index
400.04,82.44,16.49,250604.36,200020.23,50584.13,25.29,4,LACE index
500.18,99.63,19.93,302877.66,250088.5,52789.16,21.11,5,LACE index
600.31,112.78,22.56,342851.36,300156.78,42694.58,14.22,6,LACE index
700.45,128.96,25.79,392049.76,350225.05,41824.71,11.94,7,LACE index
800.08,142.11,28.42,432023.47,400040.46,31983.01,7.99,8,LACE index
900.22,159.81,31.96,485834.22,450108.73,35725.48,7.94,9,LACE index
1000.35,176.5,35.3,536570.07,500177.01,36393.06,7.28,10,LACE index
1100.49,186.62,37.32,567319.07,550245.28,17073.79,3.1,11,LACE index
1200.12,200.78,40.16,610367.67,600060.69,10306.98,1.72,12,LACE index
1300.26,214.43,42.89,651878.82,650128.96,1749.86,0.27,13,LACE index
1400.39,227.58,45.52,691852.53,700197.24,-8344.71,-1.19,14,LACE index
1500.03,240.23,48.05,730288.78,750012.64,-19723.87,-2.63,15,LACE index
1600.16,255.9,51.18,777949.73,800080.92,-22131.19,-2.77,16,LACE index
1700.3,266.02,53.2,808698.73,850149.19,-41450.46,-4.88,17,LACE index
1800.43,281.19,56.24,854822.23,900217.47,-45395.24,-5.04,18,LACE index
1900.07,293.33,58.67,891721.03,950032.87,-58311.84,-6.14,19,LACE index
2000.2,311.54,62.31,947069.24,1000101.15,-53031.91,-5.3,20,LACE index
2100.34,322.66,64.53,980893.14,1050169.42,-69276.29,-6.6,21,LACE index
2200.48,339.35,67.87,1031628.99,1100237.7,-68608.71,-6.24,22,LACE index
2300.11,352.0,70.4,1070065.24,1150053.1,-79987.86,-6.96,23,LACE index
2400.24,362.62,72.52,1102351.69,1200121.38,-97769.69,-8.15,24,LACE index
2500.38,377.28,75.46,1146937.74,1250189.65,-103251.91,-8.26,25,LACE index
2600.01,391.44,78.29,1189986.35,1300005.06,-110018.71,-8.46,26,LACE index
2700.15,403.58,80.72,1226885.15,1350073.33,-123188.19,-9.12,27,LACE index
2800.28,414.71,82.94,1260709.05,1400141.61,-139432.56,-9.96,28,LACE index
2900.42,427.35,85.47,1299145.3,1450209.88,-151064.58,-10.42,29,LACE index
3000.05,442.52,88.5,1345268.8,1500025.29,-154756.49,-10.32,30,LACE index
3100.19,453.65,90.73,1379092.7,1550093.56,-171000.86,-11.03,31,LACE index
3200.32,462.75,92.55,1406766.8,1600161.84,-193395.03,-12.09,32,LACE index
3300.46,470.84,94.17,1431366.0,1650230.11,-218864.11,-13.26,33,LACE index
3400.09,483.99,96.8,1471339.71,1700045.52,-228705.81,-13.45,34,LACE index
3500.23,499.67,99.93,1519000.66,1750113.79,-231113.13,-13.21,35,LACE index
3600.36,510.8,102.16,1552824.56,1800182.07,-247357.51,-13.74,36,LACE index
3700.5,522.43,104.49,1588185.91,1850250.34,-262064.43,-14.16,37,LACE index
3800.13,531.03,106.21,1614322.56,1900065.75,-285743.19,-15.04,38,LACE index
3900.27,543.16,108.63,1651221.36,1950134.02,-298912.66,-15.33,39,LACE index
4000.4,554.29,110.86,1685045.26,2000202.3,-315157.03,-15.76,40,LACE index
4100.04,561.88,112.38,1708107.01,2050017.7,-341910.69,-16.68,41,LACE index
4200.17,570.98,114.2,1735781.12,2100085.98,-364304.86,-17.35,42,LACE index
4300.31,585.65,117.13,1780367.17,2150154.25,-369787.08,-17.2,43,LACE index
4400.45,597.78,119.56,1817265.97,2200222.53,-382956.56,-17.41,44,LACE index
4500.08,606.89,121.38,1844940.07,2250037.93,-405097.86,-18.0,45,LACE index
4600.21,618.52,123.7,1880301.42,2300106.21,-419804.78,-18.25,46,LACE index
4700.35,628.13,125.63,1909512.97,2350174.48,-440661.51,-18.75,47,LACE index
4800.49,641.78,128.36,1951024.12,2400242.76,-449218.63,-18.72,48,LACE index
4900.12,650.89,130.18,1978698.22,2450058.16,-471359.94,-19.24,49,LACE index
5000.25,666.06,133.21,2024821.73,2500126.44,-475304.71,-19.01,50,LACE index
5100.39,676.68,135.34,2057108.18,2550194.71,-493086.53,-19.34,51,LACE index
5200.02,686.8,137.36,2087857.18,2600010.11,-512152.94,-19.7,52,LACE index
5300.16,701.46,140.29,2132443.23,2650078.39,-517635.16,-19.53,53,LACE index
5400.29,709.55,141.91,2157042.43,2700146.66,-543104.23,-20.11,54,LACE index
5500.43,721.69,144.34,2193941.23,2750214.94,-556273.71,-20.23,55,LACE index
5600.06,731.81,146.36,2224690.23,2800030.34,-575340.11,-20.55,56,LACE index
5700.2,742.43,148.49,2256976.69,2850098.62,-593121.93,-20.81,57,LACE index
5800.33,753.55,150.71,2290800.59,2900166.89,-609366.31,-21.01,58,LACE index
5900.47,764.68,152.94,2324624.49,2950235.17,-625610.68,-21.21,59,LACE index
6000.1,776.82,155.36,2361523.29,3000050.57,-638527.28,-21.28,60,LACE index
6100.24,785.92,157.18,2389197.39,3050118.85,-660921.46,-21.67,61,LACE index
6200.37,793.0,158.6,2410721.69,3100187.12,-689465.43,-22.24,62,LACE index
6300.01,803.62,160.72,2443008.14,3150002.53,-706994.39,-22.44,63,LACE index
6400.14,815.25,163.05,2478369.49,3200070.8,-721701.31,-22.55,64,LACE index
6500.28,825.87,165.17,2510655.94,3250139.08,-739483.13,-22.75,65,LACE index
6600.41,840.03,168.01,2553704.55,3300207.35,-746502.81,-22.62,66,LACE index
6700.05,849.14,169.83,2581378.65,3350022.76,-768644.11,-22.94,67,LACE index
6800.18,859.25,171.85,2612127.65,3400091.03,-787963.38,-23.17,68,LACE index
6900.32,867.85,173.57,2638264.3,3450159.31,-811895.01,-23.53,69,LACE index
7000.46,877.46,175.49,2667475.85,3500227.58,-832751.73,-23.79,70,LACE index
7100.09,885.05,177.01,2690537.6,3550042.99,-859505.39,-24.21,71,LACE index
7200.22,894.15,178.83,2718211.7,3600111.26,-881899.56,-24.5,72,LACE index
7300.36,904.26,180.85,2748960.7,3650179.54,-901218.83,-24.69,73,LACE index
7400.5,911.34,182.27,2770485.0,3700247.81,-929762.81,-25.13,74,LACE index
7500.13,919.94,183.99,2796621.66,3750063.22,-953441.56,-25.42,75,LACE index
7600.26,930.56,186.11,2828908.11,3800131.49,-971223.39,-25.56,76,LACE index
7700.4,939.16,187.83,2855044.76,3850199.77,-995155.01,-25.85,77,LACE index
7800.03,945.23,189.05,2873494.16,3900015.17,-1026521.01,-26.32,78,LACE index
7900.17,955.34,191.07,2904243.16,3950083.45,-1045840.29,-26.48,79,LACE index
8000.3,963.43,192.69,2928842.36,4000151.72,-1071309.36,-26.78,80,LACE index
8100.44,974.56,194.91,2962666.26,4050220.0,-1087553.73,-26.85,81,LACE index
8200.07,983.16,196.63,2988802.91,4100035.4,-1111232.49,-27.1,82,LACE index
8300.21,993.78,198.76,3021089.36,4150103.68,-1129014.31,-27.2,83,LACE index
8400.34,1002.88,200.58,3048763.47,4200171.95,-1151408.49,-27.41,84,LACE index
8500.48,1017.04,203.41,3091812.07,4250240.23,-1158428.16,-27.26,85,LACE index
8600.11,1024.63,204.93,3114873.82,4300055.63,-1185181.81,-27.56,86,LACE index
8700.25,1033.23,206.65,3141010.47,4350123.91,-1209113.44,-27.79,87,LACE index
8800.38,1041.32,208.26,3165609.67,4400192.18,-1234582.51,-28.06,88,LACE index
8900.02,1046.88,209.38,3182521.62,4450007.59,-1267485.97,-28.48,89,LACE index
9000.15,1056.49,211.3,3211733.17,4500075.86,-1288342.69,-28.63,90,LACE index
9100.29,1066.61,213.32,3242482.17,4550144.14,-1307661.96,-28.74,91,LACE index
9200.42,1075.71,215.14,3270156.27,4600212.41,-1330056.14,-28.91,92,LACE index
9300.06,1082.28,216.46,3290143.12,4650027.82,-1359884.69,-29.24,93,LACE index
9400.19,1089.36,217.87,3311667.43,4700096.09,-1388428.67,-29.54,94,LACE index
9500.33,1098.97,219.79,3340878.98,4750164.37,-1409285.39,-29.67,95,LACE index
9600.47,1106.56,221.31,3363940.73,4800232.64,-1436291.91,-29.92,96,LACE index
9700.1,1114.15,222.83,3387002.48,4850048.05,-1463045.57,-30.17,97,LACE index
9800.23,1120.72,224.14,3406989.33,4900116.32,-1493126.99,-30.47,98,LACE index
9900.37,1127.29,225.46,3426976.18,4950184.6,-1523208.42,-30.77,99,LACE index
10000.0,1134.88,226.98,3450037.93,5000000.0,-1549962.07,-31.0,100,LACE index
100.14,11.63,2.33,35361.35,50068.27,-14706.92,-29.37,1,No targeting (random)
200.27,21.24,4.25,64572.9,100136.55,-35563.65,-35.52,2,No targeting (random)
300.41,31.86,6.37,96859.35,150204.82,-53345.47,-35.52,3,No targeting (random)
400.04,41.98,8.4,127608.35,200020.23,-72411.87,-36.2,4,No targeting (random)
500.18,54.62,10.92,166044.61,250088.5,-84043.9,-33.61,5,No targeting (random)
600.31,65.24,13.05,198331.06,300156.78,-101825.72,-33.92,6,No targeting (random)
700.45,75.36,15.07,229080.06,350225.05,-121145.0,-34.59,7,No targeting (random)
800.08,85.47,17.09,259829.06,400040.46,-140211.4,-35.05,8,No targeting (random)
900.22,98.62,19.72,299802.76,450108.73,-150305.97,-33.39,9,No targeting (random)
1000.35,113.29,22.66,344388.81,500177.01,-155788.2,-31.15,10,No targeting (random)
1100.49,126.94,25.39,385899.96,550245.28,-164345.32,-29.87,11,No targeting (random)
1200.12,138.57,27.71,421261.32,600060.69,-178799.37,-29.8,12,No targeting (random)
1300.26,151.72,30.34,461235.02,650128.96,-188893.95,-29.05,13,No targeting (random)
1400.39,165.38,33.08,502746.17,700197.24,-197451.07,-28.2,14,No targeting (random)
1500.03,173.47,34.69,527345.37,750012.64,-222667.27,-29.69,15,No targeting (random)
1600.16,183.08,36.62,556556.92,800080.92,-243524.0,-30.44,16,No targeting (random)
1700.3,194.71,38.94,591918.27,850149.19,-258230.92,-30.37,17,No targeting (random)
1800.43,204.82,40.96,622667.27,900217.47,-277550.19,-30.83,18,No targeting (random)
1900.07,216.96,43.39,659566.07,950032.87,-290466.8,-30.57,19,No targeting (random)
2000.2,228.59,45.72,694927.43,1000101.15,-305173.72,-30.51,20,No targeting (random)
2100.34,238.2,47.64,724138.98,1050169.42,-326030.45,-31.05,21,No targeting (random)
2200.48,248.82,49.76,756425.43,1100237.7,-343812.27,-31.25,22,No targeting (random)
2300.11,260.46,52.09,791786.78,1150053.1,-358266.32,-31.15,23,No targeting (random)
2400.24,271.08,54.22,824073.23,1200121.38,-376048.15,-31.33,24,No targeting (random)
2500.38,283.72,56.74,862509.48,1250189.65,-387680.17,-31.01,25,No targeting (random)
2600.01,292.82,58.56,890183.58,1300005.06,-409821.47,-31.52,26,No targeting (random)
2700.15,305.47,61.09,928619.84,1350073.33,-421453.5,-31.22,27,No targeting (random)
2800.28,314.57,62.91,956293.94,1400141.61,-443847.67,-31.7,28,No targeting (random)
2900.42,326.71,65.34,993192.74,1450209.88,-457017.14,-31.51,29,No targeting (random)
3000.05,338.34,67.67,1028554.09,1500025.29,-471471.2,-31.43,30,No targeting (random)
3100.19,349.47,69.89,1062377.99,1550093.56,-487715.57,-31.46,31,No targeting (random)
3200.32,359.58,71.92,1093126.99,1600161.84,-507034.85,-31.69,32,No targeting (random)
3300.46,375.26,75.05,1140787.94,1650230.11,-509442.17,-30.87,33,No targeting (random)
3400.09,386.39,77.28,1174611.84,1700045.52,-525433.67,-30.91,34,No targeting (random)
3500.23,397.51,79.5,1208435.75,1750113.79,-541678.05,-30.95,35,No targeting (random)
3600.36,407.63,81.53,1239184.75,1800182.07,-560997.32,-31.16,36,No targeting (random)
3700.5,421.28,84.26,1280695.9,1850250.34,-569554.44,-30.78,37,No targeting (random)
3800.13,430.89,86.18,1309907.45,1900065.75,-590158.3,-31.06,38,No targeting (random)
3900.27,440.5,88.1,1339119.0,1950134.02,-611015.02,-31.33,39,No targeting (random)
4000.4,452.64,90.53,1376017.8,2000202.3,-624184.49,-31.21,40,No targeting (random)
4100.04,460.22,92.04,1399079.55,2050017.7,-650938.15,-31.75,41,No targeting (random)
4200.17,471.86,94.37,1434440.9,2100085.98,-665645.07,-31.7,42,No targeting (random)
4300.31,483.99,96.8,1471339.71,2150154.25,-678814.55,-31.57,43,No targeting (random)
4400.45,491.07,98.21,1492864.01,2200222.53,-707358.52,-32.15,44,No targeting (random)
4500.08,505.23,101.05,1535912.61,2250037.93,-714125.32,-31.74,45,No targeting (random)
4600.21,519.4,103.88,1578961.21,2300106.21,-721145.0,-31.35,46,No targeting (random)
4700.35,529.0,105.8,1608172.76,2350174.48,-742001.72,-31.57,47,No targeting (random)
4800.49,541.65,108.33,1646609.01,2400242.76,-753633.74,-31.4,48,No targeting (random)
4900.12,555.3,111.06,1688120.16,2450058.16,-761938.0,-31.1,49,No targeting (random)
5000.25,568.45,113.69,1728093.87,2500126.44,-772032.57,-30.88,50,No targeting (random)
5100.39,581.6,116.32,1768067.57,2550194.71,-782127.14,-30.67,51,No targeting (random)
5200.02,593.74,118.75,1804966.37,2600010.11,-795043.75,-30.58,52,No targeting (random)
5300.16,607.39,121.48,1846477.52,2650078.39,-803600.87,-30.32,53,No targeting (random)
5400.29,618.01,123.6,1878763.97,2700146.66,-821382.69,-30.42,54,No targeting (random)
5500.43,627.62,125.52,1907975.52,2750214.94,-842239.42,-30.62,55,No targeting (random)
5600.06,639.26,127.85,1943336.87,2800030.34,-856693.47,-30.6,56,No targeting (random)
5700.2,650.89,130.18,1978698.22,2850098.62,-871400.39,-30.57,57,No targeting (random)
5800.33,663.53,132.71,2017134.48,2900166.89,-883032.42,-30.45,58,No targeting (random)
5900.47,675.16,135.03,2052495.83,2950235.17,-897739.34,-30.43,59,No targeting (random)
6000.1,685.28,137.06,2083244.83,3000050.57,-916805.75,-30.56,60,No targeting (random)
6100.24,699.94,139.99,2127830.88,3050118.85,-922287.97,-30.24,61,No targeting (random)
6200.37,713.09,142.62,2167804.58,3100187.12,-932382.54,-30.08,62,No targeting (random)
6300.01,726.75,145.35,2209315.73,3150002.53,-940686.8,-29.86,63,No targeting (random)
6400.14,737.87,147.57,2243139.63,3200070.8,-956931.17,-29.9,64,No targeting (random)
6500.28,752.04,150.41,2286188.24,3250139.08,-963950.84,-29.66,65,No targeting (random)
6600.41,761.64,152.33,2315399.79,3300207.35,-984807.57,-29.84,66,No targeting (random)
6700.05,771.25,154.25,2344611.34,3350022.76,-1005411.42,-30.01,67,No targeting (random)
6800.18,781.87,156.37,2376897.79,3400091.03,-1023193.24,-30.09,68,No targeting (random)
6900.32,790.98,158.2,2404571.89,3450159.31,-1045587.42,-30.31,69,No targeting (random)
7000.46,797.55,159.51,2424558.74,3500227.58,-1075668.84,-30.73,70,No targeting (random)
7100.09,809.18,161.84,2459920.09,3550042.99,-1090122.89,-30.71,71,No targeting (random)
7200.22,821.32,164.26,2496818.89,3600111.26,-1103292.37,-30.65,72,No targeting (random)
7300.36,833.97,166.79,2535255.15,3650179.54,-1114924.39,-30.54,73,No targeting (random)
7400.5,844.08,168.82,2566004.15,3700247.81,-1134243.67,-30.65,74,No targeting (random)
7500.13,857.23,171.45,2605977.85,3750063.22,-1144085.37,-30.51,75,No targeting (random)
7600.26,871.9,174.38,2650563.9,3800131.49,-1149567.59,-30.25,76,No targeting (random)
7700.4,882.52,176.5,2682850.35,3850199.77,-1167349.42,-30.32,77,No targeting (random)
7800.03,893.14,178.63,2715136.8,3900015.17,-1184878.37,-30.38,78,No targeting (random)
7900.17,901.73,180.35,2741273.45,3950083.45,-1208809.99,-30.6,79,No targeting (random)
8000.3,911.85,182.37,2772022.45,4000151.72,-1228129.27,-30.7,80,No targeting (random)
8100.44,919.94,183.99,2796621.66,4050220.0,-1253598.34,-30.95,81,No targeting (random)
8200.07,930.06,186.01,2827370.66,4100035.4,-1272664.74,-31.04,82,No targeting (random)
8300.21,941.18,188.24,2861194.56,4150103.68,-1288909.12,-31.06,83,No targeting (random)
8400.34,950.79,190.16,2890406.11,4200171.95,-1309765.84,-31.18,84,No targeting (random)
8500.48,966.98,193.4,2939604.51,4250240.23,-1310635.72,-30.84,85,No targeting (random)
8600.11,977.6,195.52,2971890.96,4300055.63,-1328164.67,-30.89,86,No targeting (random)
8700.25,987.71,197.54,3002639.96,4350123.91,-1347483.94,-30.98,87,No targeting (random)
8800.38,996.31,199.26,3028776.61,4400192.18,-1371415.57,-31.17,88,No targeting (random)
8900.02,1007.94,201.59,3064137.97,4450007.59,-1385869.62,-31.14,89,No targeting (random)
9000.15,1018.05,203.61,3094886.97,4500075.86,-1405188.89,-31.23,90,No targeting (random)
9100.29,1029.18,205.84,3128710.87,4550144.14,-1421433.27,-31.24,91,No targeting (random)
9200.42,1037.27,207.45,3153310.07,4600212.41,-1446902.34,-31.45,92,No targeting (random)
9300.06,1048.91,209.78,3188671.42,4650027.82,-1461356.4,-31.43,93,No targeting (random)
9400.19,1060.54,212.11,3224032.77,4700096.09,-1476063.32,-31.4,94,No targeting (random)
9500.33,1075.71,215.14,3270156.27,4750164.37,-1480008.09,-31.16,95,No targeting (random)
9600.47,1086.84,217.37,3303980.17,4800232.64,-1496252.47,-31.17,96,No targeting (random)
9700.1,1098.97,219.79,3340878.98,4850048.05,-1509169.07,-31.12,97,No targeting (random)
9800.23,1111.62,222.32,3379315.23,4900116.32,-1520801.09,-31.04,98,No targeting (random)
9900.37,1118.7,223.74,3400839.53,4950184.6,-1549345.07,-31.3,99,No targeting (random)
10000.0,1134.88,226.98,3450037.93,5000000.0,-1549962.07,-31.0,100,No targeting (random)
