feature,auc_drop,auc_drop_std
discharge_group,0.05079,0.00178
number_inpatient,0.02418,0.00255
prior_stays_in_network,0.01925,0.00294
charlson_index,0.00625,0.00112
diag1_group,0.00511,0.00121
payer_code,0.0048,0.00037
specialty_group,0.00404,0.00111
total_prior_visits,0.00314,0.00113
time_in_hospital,0.00265,0.00051
age_mid,0.00259,0.00032
diag2_group,0.00217,0.00039
n_active_meds,0.00187,0.00048
number_diagnoses,0.00167,0.00068
diag3_group,0.00114,0.0002
number_emergency,0.00091,0.00037
admission_source,0.00089,0.00017
num_medications,0.0007,0.0002
metformin_status,0.00068,0.00021
insulin_status,0.00049,0.00019
diabetes_med,0.00043,0.00016
a1c_result,0.0004,8e-05
number_outpatient,0.00016,6e-05
max_glu_serum,4e-05,2e-05
num_lab_procedures,2e-05,0.0004
med_change,-2e-05,2e-05
num_procedures,-5e-05,0.0001
admission_type,-5e-05,0.00019
n_dose_changes,-0.0001,0.0001
