term,odds_ratio,ci_low,ci_high,p_value
age_band = 60-69,1.232,1.127,1.347,4.4577905355752285e-06
age_band = 70-79,1.306,1.198,1.424,1.5804867375260105e-09
age_band = 80+,1.211,1.101,1.331,8.101677144851485e-05
age_band = <50,1.078,0.973,1.194,0.15181757990429284
discharge_group = Home Health,1.24,1.138,1.352,9.950529308511613e-07
discharge_group = Left AMA,1.452,1.037,2.032,0.029875290100630527
discharge_group = Other / Unknown,1.472,1.297,1.671,2.12810394751784e-09
discharge_group = Other Facility,3.642,3.109,4.267,1.0986903702436246e-57
discharge_group = Other Hospital,1.969,1.691,2.293,2.6627285461663496e-18
discharge_group = Rehab / LTC,3.693,3.25,4.196,1.5602630572164431e-89
discharge_group = SNF / Nursing,1.841,1.698,1.995,4.902366607924859e-50
admission_source = Emergency Room,0.995,0.934,1.059,0.8640274470260876
admission_source = Other,0.678,0.086,5.32,0.7112437640049338
admission_source = Transfer,0.849,0.756,0.953,0.005679911786181316
admission_source = Unknown,0.94,0.842,1.049,0.2685593030678778
diag1_group = Diabetes,0.979,0.879,1.091,0.6993156916959253
diag1_group = Digestive,0.904,0.815,1.003,0.0558964498936131
diag1_group = Genitourinary,0.916,0.806,1.041,0.17928662360351688
diag1_group = Injury,0.895,0.804,0.996,0.0415502110920187
diag1_group = Missing,1.768,0.354,8.837,0.48781306252579026
diag1_group = Musculoskeletal,0.746,0.656,0.847,6.924289593348133e-06
diag1_group = Neoplasms,0.986,0.852,1.143,0.8553466382313961
diag1_group = Other,0.9,0.83,0.976,0.011232282014054564
diag1_group = Respiratory,0.758,0.692,0.831,3.4128149941597747e-09
insulin_status = Down,1.116,1.015,1.228,0.02358154482799383
insulin_status = Steady,1.002,0.933,1.076,0.9616395252561838
insulin_status = Up,1.01,0.914,1.117,0.844543293586882
prior_inpatient,1.457,1.409,1.507,6.416098055378342e-105
prior_emergency,1.158,1.094,1.225,3.638360714797059e-07
number_outpatient,0.994,0.971,1.018,0.6059227071029926
time_in_hospital,1.019,1.008,1.029,0.00043224339921255956
meds_per_10,1.002,0.964,1.041,0.9307927776388347
number_diagnoses,1.031,1.015,1.047,8.33756811394337e-05
a1c_tested,0.937,0.872,1.007,0.07516931910494631
diabetes_med,1.214,1.122,1.314,1.560773813951872e-06
